<annotation>
	<folder>PHOTOS</folder>
	<filename>1.png</filename>
	<path>G:\NTOOO\NeyronkaDzTayler\PHOTOS\1.png</path>
	<source>
		<database>Unknown</database>
	</source>
	<size>
		<width>320</width>
		<height>240</height>
		<depth>3</depth>
	</size>
	<segmented>0</segmented>
	<object>
		<name>square</name>
		<pose>Unspecified</pose>
		<truncated>0</truncated>
		<difficult>0</difficult>
		<bndbox>
			<xmin>33</xmin>
			<ymin>15</ymin>
			<xmax>142</xmax>
			<ymax>127</ymax>
		</bndbox>
	</object>
	<object>
		<name>fish</name>
		<pose>Unspecified</pose>
		<truncated>0</truncated>
		<difficult>0</difficult>
		<bndbox>
			<xmin>169</xmin>
			<ymin>13</ymin>
			<xmax>304</xmax>
			<ymax>128</ymax>
		</bndbox>
	</object>
</annotation>
