<annotation>
	<folder>PHOTOS</folder>
	<filename>2.png</filename>
	<path>G:\NTOOO\NeyronkaDzTayler\PHOTOS\2.png</path>
	<source>
		<database>Unknown</database>
	</source>
	<size>
		<width>320</width>
		<height>240</height>
		<depth>3</depth>
	</size>
	<segmented>0</segmented>
	<object>
		<name>fish</name>
		<pose>Unspecified</pose>
		<truncated>0</truncated>
		<difficult>0</difficult>
		<bndbox>
			<xmin>30</xmin>
			<ymin>21</ymin>
			<xmax>168</xmax>
			<ymax>129</ymax>
		</bndbox>
	</object>
	<object>
		<name>circle</name>
		<pose>Unspecified</pose>
		<truncated>1</truncated>
		<difficult>0</difficult>
		<bndbox>
			<xmin>199</xmin>
			<ymin>25</ymin>
			<xmax>320</xmax>
			<ymax>138</ymax>
		</bndbox>
	</object>
</annotation>
