<annotation>
	<folder>PHOTOS</folder>
	<filename>3.png</filename>
	<path>G:\NTOOO\NeyronkaDzTayler\PHOTOS\3.png</path>
	<source>
		<database>Unknown</database>
	</source>
	<size>
		<width>320</width>
		<height>240</height>
		<depth>3</depth>
	</size>
	<segmented>0</segmented>
	<object>
		<name>circle</name>
		<pose>Unspecified</pose>
		<truncated>0</truncated>
		<difficult>0</difficult>
		<bndbox>
			<xmin>27</xmin>
			<ymin>16</ymin>
			<xmax>152</xmax>
			<ymax>111</ymax>
		</bndbox>
	</object>
	<object>
		<name>tree</name>
		<pose>Unspecified</pose>
		<truncated>0</truncated>
		<difficult>0</difficult>
		<bndbox>
			<xmin>188</xmin>
			<ymin>23</ymin>
			<xmax>269</xmax>
			<ymax>117</ymax>
		</bndbox>
	</object>
</annotation>
