<annotation>
	<folder>PHOTOS</folder>
	<filename>4.png</filename>
	<path>G:\NTOOO\NeyronkaDzTayler\PHOTOS\4.png</path>
	<source>
		<database>Unknown</database>
	</source>
	<size>
		<width>320</width>
		<height>240</height>
		<depth>3</depth>
	</size>
	<segmented>0</segmented>
	<object>
		<name>tree</name>
		<pose>Unspecified</pose>
		<truncated>0</truncated>
		<difficult>0</difficult>
		<bndbox>
			<xmin>30</xmin>
			<ymin>124</ymin>
			<xmax>110</xmax>
			<ymax>217</ymax>
		</bndbox>
	</object>
	<object>
		<name>triangle</name>
		<pose>Unspecified</pose>
		<truncated>0</truncated>
		<difficult>0</difficult>
		<bndbox>
			<xmin>148</xmin>
			<ymin>100</ymin>
			<xmax>268</xmax>
			<ymax>217</ymax>
		</bndbox>
	</object>
</annotation>
